<!--
   Copyright (c) 2021, WSO2 Inc. (http://www.wso2.org) All Rights Reserved.

   WSO2 Inc. licenses this file to you under the Apache License,
   Version 2.0 (the "License"); you may not use this file except
   in compliance with the License.
   You may obtain a copy of the License at

   http://www.apache.org/licenses/LICENSE-2.0

   Unless required by applicable law or agreed to in writing,
   software distributed under the License is distributed on an
   "AS IS" BASIS, WITHOUT WARRANTIES OR CONDITIONS OF ANY
   KIND, either express or implied. See the License for the
   specific language governing permissions and limitations
   under the License.
-->
<template xmlns="http://ws.apache.org/ns/synapse" name="updateMany">
    <parameter name="collection" description="The name of the collection available in the database."/>
    <parameter name="query" description="The selection criteria for the update."/>
    <parameter name="update" description="The modifications to apply. "/>
    <parameter name="upsert" description="Creates a new document if no documents match the filter."/>
    <parameter name="collation" description="Collation allows users to specify language-specific rules for string comparison."/>
    <parameter name="arrayFilters" description="An array of filter documents that determine which array elements to modify in an array field."/>
    <sequence>
        <class name="org.wso2.carbon.connector.operations.UpdateMany"/>
    </sequence>
</template>