{
    "connectorName": "mongodb",
    "connectionName": "URI",
    "title": "Connection URI",
    "help": "<h1>MongoDB Connector</h1> <b>The mongodb connector supports URI and parameters for establishing MongoDB connection.</b>",
    "elements": [
        {
            "type": "attribute",
            "value": {
                "name": "connectionName",
                "displayName": "Connection Name",
                "inputType": "string",
                "defaultValue": "MONGODB_CONNECTION_3",
                "required": "true",
                "helpTip": "The name for the MongoDB connection",
                "validation": "nameWithoutSpecialCharacters"
            }
        },
        {
            "type": "attributeGroup",
            "value": {
                "groupName": "General",
                "elements": [
                    {
                        "type": "attributeGroup",
                        "value": {
                            "groupName": "Basic",
                            "elements": [
                                {
                                    "type": "attribute",
                                    "value": {
                                        "name": "connectionURI",
                                        "displayName": "Connection String URI",
                                        "inputType": "stringOrExpression",
                                        "defaultValue": "",
                                        "required": "true",
                                        "helpTip": "[prefix]://[username:password@]host1[:port1][,...hostN[:portN]][/[defaultauthdb][?options]]"
                                    }
                                },
                                {
                                    "type": "attribute",
                                    "value": {
                                        "name": "database",
                                        "displayName": "Database",
                                        "inputType": "stringOrExpression",
                                        "defaultValue": "",
                                        "required": "true",
                                        "helpTip": "The name of the database."
                                    }
                                }
                            ]
                        }
                    }
                ]
            }
        }
    ]
}